<?xml version="1.0" encoding="UTF-8"?>
<jcr:root xmlns:sling="http://sling.apache.org/jcr/sling/1.0" xmlns:cq="http://www.day.com/jcr/cq/1.0" xmlns:jcr="http://www.jcp.org/jcr/1.0" xmlns:mix="http://www.jcp.org/jcr/mix/1.0" xmlns:nt="http://www.jcp.org/jcr/nt/1.0"
    jcr:primaryType="cq:Page">
    <error/>
    <forbidden/>
    <dashboard/>
    <jcr:content
        cq:designPath="/etc/designs/dhl"
        cq:lastModified="{Date}2015-06-25T13:59:45.059+03:00"
        cq:lastModifiedBy="admin"
        cq:lastRolledout="{Date}2015-06-25T13:59:45.059+03:00"
        cq:lastRolledoutBy="admin"
        cq:template="/apps/dhl/templates/generic-page-template"
        jcr:isCheckedOut="{Boolean}true"
        jcr:mixinTypes="[cq:LiveSync,mix:versionable]"
        jcr:primaryType="cq:PageContent"
        jcr:title="Ukrainian"
        jcr:uuid="f6d58846-53b8-48b7-b1d5-83917b216ec7"
        sling:resourceType="dhl/pages/dhl-generic-page"
        abbr="en"
        langName="English">
        <header
            cq:lastRolledout="{Date}2015-06-25T13:59:45.041+03:00"
            cq:lastRolledoutBy="admin"
            jcr:lastModified="{Date}2015-06-25T13:59:45.040+03:00"
            jcr:lastModifiedBy="admin"
            jcr:mixinTypes="[cq:LiveRelationship]"
            jcr:primaryType="nt:unstructured"
            sling:resourceType="dhl/components/global/glb-header"
            menuItems="[{&quot;text&quot;:&quot;Sign In&quot;\,&quot;link&quot;:&quot;/content/dhl/uk/en&quot;\,&quot;type&quot;:&quot;unauthorized&quot;},{&quot;text&quot;:&quot;Register&quot;\,&quot;link&quot;:&quot;/content/dhl/uk/en/registration&quot;\,&quot;type&quot;:&quot;unauthorized&quot;},{&quot;text&quot;:&quot;Ship Now&quot;\,&quot;link&quot;:&quot;/content/dhl/uk/en/shipment&quot;\,&quot;type&quot;:&quot;all&quot;},{&quot;text&quot;:&quot;Get Quote&quot;\,&quot;link&quot;:&quot;/content/dhl/uk/en/quotation&quot;\,&quot;type&quot;:&quot;all&quot;}]"/>
        <homeCarousel
            cq:lastRolledout="{Date}2015-06-25T13:59:45.043+03:00"
            cq:lastRolledoutBy="admin"
            jcr:lastModified="{Date}2015-06-25T13:59:45.042+03:00"
            jcr:lastModifiedBy="admin"
            jcr:mixinTypes="[cq:LiveRelationship]"
            jcr:primaryType="nt:unstructured"
            sling:resourceType="dhl/components/global/glb-carousel">
            <slides
                cq:lastRolledout="{Date}2015-06-25T13:59:45.044+03:00"
                cq:lastRolledoutBy="admin"
                jcr:mixinTypes="[cq:LiveRelationship]"
                jcr:primaryType="nt:unstructured">
                <item000
                    cq:lastRolledout="{Date}2015-06-25T13:59:45.047+03:00"
                    cq:lastRolledoutBy="admin"
                    jcr:mixinTypes="[cq:LiveRelationship]"
                    jcr:primaryType="nt:unstructured"
                    description="Deutsche Post DHL boosted revenues in the second quarter of 2014 and generated a strong increase in profitability. Between April and June, revenues totaled EUR 13,7 billion, nearly 1 percent above the previous year’s level."
                    imageReference="/content/dam/dhlewf/hero-image-1.jpg"
                    link="/content/dhl/uk/en/news.html"
                    linkText="Find out more1 »"
                    title="SECOND QUARTER 2014:"
                    title2="EBIT RISES STRONGLY">
                    <slides
                        cq:lastRolledout="{Date}2015-06-25T13:59:45.049+03:00"
                        cq:lastRolledoutBy="admin"
                        jcr:mixinTypes="[cq:LiveRelationship]"
                        jcr:primaryType="nt:unstructured">
                        <item000
                            cq:lastRolledout="{Date}2015-06-25T13:59:45.051+03:00"
                            cq:lastRolledoutBy="admin"
                            jcr:lastModified="{Date}2015-06-25T13:59:45.050+03:00"
                            jcr:lastModifiedBy="admin"
                            jcr:mixinTypes="[cq:LiveRelationship]"
                            jcr:primaryType="nt:unstructured"/>
                    </slides>
                </item000>
                <item001
                    cq:lastRolledout="{Date}2015-06-25T13:59:45.053+03:00"
                    cq:lastRolledoutBy="admin"
                    jcr:mixinTypes="[cq:LiveRelationship]"
                    jcr:primaryType="nt:unstructured"
                    description="News, trends and opinions - the Logistics Newsroom brings together up-to-date content from an exciting future-oriented industry, providing journalists, bloggers and anyone interested in logistics with an up-to-date research tool."
                    imageReference="/content/dam/dhlewf/hero-image-2.jpg"
                    link="/content/dhl/uk/en/news.html"
                    linkText="Find out more3 »"
                    title="LOGISTICS"
                    title2="NEWSROOM">
                    <slides
                        cq:lastRolledout="{Date}2015-06-25T13:59:45.054+03:00"
                        cq:lastRolledoutBy="admin"
                        jcr:mixinTypes="[cq:LiveRelationship]"
                        jcr:primaryType="nt:unstructured">
                        <item001
                            cq:lastRolledout="{Date}2015-06-25T13:59:45.056+03:00"
                            cq:lastRolledoutBy="admin"
                            jcr:lastModified="{Date}2015-06-25T13:59:45.056+03:00"
                            jcr:lastModifiedBy="admin"
                            jcr:mixinTypes="[cq:LiveRelationship]"
                            jcr:primaryType="nt:unstructured"/>
                    </slides>
                </item001>
            </slides>
        </homeCarousel>
        <loginContent
            cq:lastRolledout="{Date}2015-06-25T13:59:45.057+03:00"
            cq:lastRolledoutBy="admin"
            jcr:mixinTypes="[cq:LiveRelationship]"
            jcr:primaryType="nt:unstructured"
            sling:resourceType="foundation/components/parsys">
            <form
                cq:lastRolledout="{Date}2015-06-25T13:59:45.059+03:00"
                cq:lastRolledoutBy="admin"
                jcr:created="{Date}2014-09-12T09:00:01.870+03:00"
                jcr:createdBy="admin"
                jcr:lastModified="{Date}2015-06-25T13:59:45.059+03:00"
                jcr:lastModifiedBy="admin"
                jcr:mixinTypes="[cq:LiveRelationship]"
                jcr:primaryType="nt:unstructured"
                sling:resourceType="dhl/components/form"
                path="forms/login"/>
        </loginContent>
        <cq:LiveSyncConfig
            cq:isDeep="{Boolean}true"
            cq:master="/content/dhl/ukr/en"
            cq:rolloutConfigs="[/etc/msm/rolloutconfigs/pushonmodify]"
            jcr:primaryType="cq:LiveSyncConfig"/>
    </jcr:content>
    <quotation/>
    <shipment/>
    <registration/>
    <user-profile/>
    <auth/>
    <email-templates/>
    <esecure/>
    <manage-shipments/>
</jcr:root>
