<?xml version="1.0" encoding="UTF-8"?>
<jcr:root xmlns:sling="http://sling.apache.org/jcr/sling/1.0" xmlns:cq="http://www.day.com/jcr/cq/1.0" xmlns:jcr="http://www.jcp.org/jcr/1.0" xmlns:mix="http://www.jcp.org/jcr/mix/1.0" xmlns:nt="http://www.jcp.org/jcr/nt/1.0"
    jcr:primaryType="cq:Page">
    <error/>
    <forbidden/>
    <dashboard/>
    <jcr:content
        cq:designPath="/etc/designs/dhl"
        cq:lastModified="{Date}2015-03-11T16:46:53.587+02:00"
        cq:lastModifiedBy="admin"
        cq:lastRolledout="{Date}2015-03-11T16:46:53.587+02:00"
        cq:lastRolledoutBy="admin"
        cq:template="/apps/dhl/templates/generic-page-template"
        jcr:isCheckedOut="{Boolean}true"
        jcr:mixinTypes="[cq:LiveSync,mix:versionable]"
        jcr:primaryType="cq:PageContent"
        jcr:title="English"
        jcr:uuid="ee327c85-df42-421a-a437-6f1040c609c3"
        sling:resourceType="dhl/pages/dhl-generic-page"
        abbr="en"
        langName="English">
        <header
            cq:lastRolledout="{Date}2015-03-11T16:46:53.571+02:00"
            cq:lastRolledoutBy="admin"
            jcr:lastModified="{Date}2015-03-11T16:46:53.571+02:00"
            jcr:lastModifiedBy="admin"
            jcr:mixinTypes="[cq:LiveRelationship]"
            jcr:primaryType="nt:unstructured"
            sling:resourceType="dhl/components/global/glb-header"
            menuItems="[{&quot;text&quot;:&quot;Sign In&quot;\,&quot;link&quot;:&quot;/content/dhl/uk/en&quot;\,&quot;type&quot;:&quot;unauthorized&quot;},{&quot;text&quot;:&quot;Register&quot;\,&quot;link&quot;:&quot;/content/dhl/uk/en/registration&quot;\,&quot;type&quot;:&quot;unauthorized&quot;},{&quot;text&quot;:&quot;Ship Now&quot;\,&quot;link&quot;:&quot;/content/dhl/uk/en/shipment&quot;\,&quot;type&quot;:&quot;all&quot;},{&quot;text&quot;:&quot;Get Quote&quot;\,&quot;link&quot;:&quot;/content/dhl/uk/en/quotation&quot;\,&quot;type&quot;:&quot;all&quot;}]"/>
        <loginContent
            cq:lastRolledout="{Date}2015-03-11T16:46:53.584+02:00"
            cq:lastRolledoutBy="admin"
            jcr:mixinTypes="[cq:LiveRelationship]"
            jcr:primaryType="nt:unstructured"
            sling:resourceType="foundation/components/parsys">
            <form
                cq:lastRolledout="{Date}2015-03-11T16:46:53.586+02:00"
                cq:lastRolledoutBy="admin"
                jcr:created="{Date}2014-09-12T09:00:01.870+03:00"
                jcr:createdBy="admin"
                jcr:lastModified="{Date}2015-03-11T16:46:53.586+02:00"
                jcr:lastModifiedBy="admin"
                jcr:mixinTypes="[cq:LiveRelationship]"
                jcr:primaryType="nt:unstructured"
                sling:resourceType="dhl/components/form"
                path="forms/login"/>
        </loginContent>
        <cq:LiveSyncConfig
            cq:isDeep="{Boolean}true"
            cq:master="/content/dhl/master_languages/en"
            cq:rolloutConfigs="[/etc/msm/rolloutconfigs/pushonmodify]"
            jcr:primaryType="cq:LiveSyncConfig"/>
    </jcr:content>
    <quotation/>
    <shipment/>
    <registration/>
    <select-location/>
    <user-profile/>
    <auth/>
    <email-templates/>
    <esecure/>
    <manage-shipments/>
</jcr:root>
